profile,first_name,last_name,location,title,company,work_type,from_date,till_date,duration,exp_location,details
https://www.linkedin.com/in/elizabethweil,Elizabeth,Weil,"Menlo Park, California, United States",Founder and Managing Director,Scribble Ventures,Full-time,Mar 2020,Present,2 yrs 5 mos,,"Scribble Ventures is an early-stage venture firm that focuses on Pre-Seed through Series A. We write initial checks of up to $1M. This allows Scribble to collaborate and co-invest with angel investors and other early-stage funds, so you can bring the best partners into your round.We’re eager to roll up our sleeves and work with you to accelerate growth, product development, partnerships, recruiting, future fundraising and more."
https://www.linkedin.com/in/elizabethweil,Elizabeth,Weil,"Menlo Park, California, United States",Investor & Board Director,Certn,,Dec 2019,Present,2 yrs 8 mos,"Victoria, British Columbia, Canada",Background checks built for the best candidate and recruiter experience. Reduce your time to hire by 80% and get results in minutes.
https://www.linkedin.com/in/elizabethweil,Elizabeth,Weil,"Menlo Park, California, United States",Investor,Runa,,Aug 2019,Present,3 yrs,"Mexico City, Mexico","Angel investor turned Scribble Ventures portfolio company (Seed). Improving the way employees work in Latin America, through a cloud-based payroll and human resources software."
https://www.linkedin.com/in/elizabethweil,Elizabeth,Weil,"Menlo Park, California, United States",Investor & Early Advisor,"Warmly,",,Nov 2019,Present,2 yrs 9 mos,San Francisco Bay Area,Angel investor & advisor turned Scribble Ventures portfolio company (Pre-Seed). Revenue-generating tools for customer success teams.
https://www.linkedin.com/in/elizabethweil,Elizabeth,Weil,"Menlo Park, California, United States",Investor,TrueNorth,,Mar 2020,Present,2 yrs 5 mos,"New York, New York, United States",Scribble Ventures portfolio company. Gives truckers a single place to manage their business.
https://www.linkedin.com/in/elizabethweil,Elizabeth,Weil,"Menlo Park, California, United States",Investor,Whatnot,,Aug 2020,Present,2 yrs,"Los Angeles, California, United States",Scribble Ventures portfolio company. A live auction platform to buy and sell authentic collectibles.
https://www.linkedin.com/in/elizabethweil,Elizabeth,Weil,"Menlo Park, California, United States",Investor,Titan,,Oct 2020,Present,1 yr 10 mos,"New York, New York, United States",Scribble Ventures portfolio company. The modern asset manager built from the ground up.
https://www.linkedin.com/in/elizabethweil,Elizabeth,Weil,"Menlo Park, California, United States",Mentor & Guest Advisor,Stanford University Graduate School of Business,,Jan 2017,Present,5 yrs 7 mos,"Palo Alto, California, United States",Advisor to Stanford’s GSB course on Entrepreneurship and Venture Capital.
https://www.linkedin.com/in/elizabethweil,Elizabeth,Weil,"Menlo Park, California, United States",Paperwheel -- Founder & Owner. Custom Letterpress Printing and Design,Paperwheel,Full-time,Sep 2006,Present,15 yrs 11 mos,"Portola Valley, California",Custom letterpress printing and design
https://www.linkedin.com/in/elizabethweil,Elizabeth,Weil,"Menlo Park, California, United States","Advisor, LEGO Ventures",the LEGO Group,,Dec 2019,Jan 2021,1 yr 2 mos,"Billund, South Denmark, Denmark",
https://www.linkedin.com/in/elizabethweil,Elizabeth,Weil,"Menlo Park, California, United States",Managing Partner,137 Ventures,,Jan 2016,Jan 2020,4 yrs 1 mo,San Francisco Bay Area,
https://www.linkedin.com/in/elizabethweil,Elizabeth,Weil,"Menlo Park, California, United States",Lecturer in the Hasso Plattner Institute of Design (d.school),Stanford University,,Mar 2014,Dec 2019,5 yrs 10 mos,Stanford University,A member of the teaching team for Creativity and Innovation in the department of Management Science and Engineering and within the Hasso Plattner Institute of Design at Stanford.
https://www.linkedin.com/in/elizabethweil,Elizabeth,Weil,"Menlo Park, California, United States",Partner,Andreessen Horowitz,,Nov 2012,2016,3 yrs 3 mos,"Menlo Park, California",
https://www.linkedin.com/in/elizabethweil,Elizabeth,Weil,"Menlo Park, California, United States","Corporate Development, Product Marketing, Corporate Design",Twitter,,Nov 2009,Dec 2012,3 yrs 2 mos,San Francisco Bay Area,"Started the Corporate Development team to focus on acquisitions. (Tweetie (Twitter for iPhone), DabbleDB (foundation of our Twitter Analytics product), etc.Launched the Product Marketing team and created business.twitter.com to proactively onboard and educated businesses using Twitter.Corporate Design: Designer with a focus on brand and internal design."
https://www.linkedin.com/in/elizabethweil,Elizabeth,Weil,"Menlo Park, California, United States",Corporate Development and Product Marketing,Twitter,,Dec 2009,May 2011,1 yr 6 mos,,
https://www.linkedin.com/in/elizabethweil,Elizabeth,Weil,"Menlo Park, California, United States",Senior Associate,Institutional Venture Partners,,Jul 2008,Dec 2009,1 yr 6 mos,,
https://www.linkedin.com/in/elizabethweil,Elizabeth,Weil,"Menlo Park, California, United States",Analyst,Menlo Ventures,,May 2006,Jul 2008,2 yrs 3 mos,,
https://www.linkedin.com/in/elizabethweil,Elizabeth,Weil,"Menlo Park, California, United States",Analyst,Radar Partners,,May 2005,Apr 2006,1 yr,"Palo Alto, California",
https://www.linkedin.com/in/elizabethweil,Elizabeth,Weil,"Menlo Park, California, United States",Marketing Manager,Xfire,,Jan 2005,Jun 2005,6 mos,,
https://www.linkedin.com/in/elizabethweil,Elizabeth,Weil,"Menlo Park, California, United States","Manager, Marketing Communications",AuctionDrop,,May 2003,Jan 2005,1 yr 9 mos,,
https://www.linkedin.com/in/elizabethweil,Elizabeth,Weil,"Menlo Park, California, United States",Intern,U.S. Department of Commerce,,2003,2003,Less than a year,,
https://www.linkedin.com/in/elizabethweil,Elizabeth,Weil,"Menlo Park, California, United States",Analyst,Wells Fargo Corporate Finance,,Jun 2001,Dec 2002,1 yr 7 mos,,
https://www.linkedin.com/in/alexisohanian,Alexis,Ohanian Sr.,Miami-Fort Lauderdale Area,Founder,Seven Seven Six 7️⃣7️⃣6️⃣,Full-time,Sep 2020,Present,1 yr 11 mos,,"Alexis Ohanian’s Venture-Capital Firm Raises $500 Million, Doubles Down on Crypto Startups
Alexis Ohanian’s venture firm 776 Management has raised $500 million across two new funds with a plan to invest primarily in crypto startups."
https://www.linkedin.com/in/alexisohanian,Alexis,Ohanian Sr.,Miami-Fort Lauderdale Area,"Co-founder, Managing Partner",Initialized Capital,,Sep 2011,Jun 2020,8 yrs 10 mos,San Francisco Bay Area,
https://www.linkedin.com/in/alexisohanian,Alexis,Ohanian Sr.,Miami-Fort Lauderdale Area,Co-Founder,Reddit,,Jun 2005,Jun 2020,15 yrs 1 mo,San Francisco Bay Area,"All things non-technical, including mascot doodling."
https://www.linkedin.com/in/alexisohanian,Alexis,Ohanian Sr.,Miami-Fort Lauderdale Area,Executive Chair,Reddit,,Nov 2014,Jul 2015,9 mos,,Back home where it all started.http://www.redditblog.com/2014/11/coming-home.htmlExecutive chair until coming back full-time in July 2015.
https://www.linkedin.com/in/alexisohanian,Alexis,Ohanian Sr.,Miami-Fort Lauderdale Area,Partner,Y Combinator,,Jun 2014,Feb 2016,1 yr 9 mos,"Brooklyn, NY",Helping founders make something people love.
https://www.linkedin.com/in/alexisohanian,Alexis,Ohanian Sr.,Miami-Fort Lauderdale Area,"Co-founder, Treasurer",Institute on Higher Awesome Studies,,Mar 2011,Mar 2013,2 yrs 1 mo,"Brooklyn, NY",I help make it rain on our non-profit's bank account.
https://www.linkedin.com/in/alexisohanian,Alexis,Ohanian Sr.,Miami-Fort Lauderdale Area,Ambassador to the East,Y Combinator,,2010,2013,3 yrs,,
https://www.linkedin.com/in/alexisohanian,Alexis,Ohanian Sr.,Miami-Fort Lauderdale Area,Author,Without Their Permission,,Nov 2011,Nov 2011,1 mo,,"I'm writing a book for aspiring entrepreneurs eager to embrace the future of the World Wide Web for fun, profit, and for the good of humankind."
https://www.linkedin.com/in/alexisohanian,Alexis,Ohanian Sr.,Miami-Fort Lauderdale Area,Head Marketing Dude & Hipmunk Doodler,Hipmunk,,Aug 2010,Aug 2011,1 yr 1 mo,,Built a brand people love.
https://www.linkedin.com/in/alexisohanian,Alexis,Ohanian Sr.,Miami-Fort Lauderdale Area,Advisor & Evangelist,Hipmunk,,Aug 2010,Aug 2011,1 yr 1 mo,,Launched the company and ran marketing/pr/community for first year and change.
https://www.linkedin.com/in/alexisohanian,Alexis,Ohanian Sr.,Miami-Fort Lauderdale Area,Founder and Chief Swine Defender,"Breadpig, Inc.",,Nov 2007,Jan 2011,3 yrs 3 mos,,"Breadpig, Inc. was founded with the purpose of being an uncorporation. Rather than following the typical corporate directive of maximizing shareholder wealth, breadpig aims to do interesting (good) things with its profits. Don't tell our shareholders."
https://www.linkedin.com/in/alexisohanian,Alexis,Ohanian Sr.,Miami-Fort Lauderdale Area,The Dude,"Das Kapital Capital, LLC",,2010,2010,Less than a year,,"Invest, advise, consult and sometimes play video games."
https://www.linkedin.com/in/alexisohanian,Alexis,Ohanian Sr.,Miami-Fort Lauderdale Area,Product Manager,Conde Nast Publications,,2006,Oct 2009,3 yrs 10 mos,,See reddit.
https://www.linkedin.com/in/alexisohanian,Alexis,Ohanian Sr.,Miami-Fort Lauderdale Area,Parking garage attendant,UVA Parking & Transportation,,May 2003,May 2005,2 yrs 1 mo,,"Got paid to read, as well as provide impeccable customer service to all the patrons of the parking garage.  Responsible for giving proper change and keeping the booth tidy."
https://www.linkedin.com/in/alexisohanian,Alexis,Ohanian Sr.,Miami-Fort Lauderdale Area,Waiter,Pizza Hut,,Feb 1999,Jul 2001,2 yrs 6 mos,,"(Hard to embellish with 'action verbs')Waiting tables was a great experience because of the emphasis it places on customer service  since basically your entire income is riding on it (which is why its a good idea to tip well).  Nowadays, helping a user with a bug in the code is much easier than helping a customer with one in their food."
https://www.linkedin.com/in/davidjli,David,Li,San Francisco Bay Area,Principal,Avanta Ventures,,2018,Present,4 yrs 7 mos,San Francisco Bay Area,
https://www.linkedin.com/in/davidjli,David,Li,San Francisco Bay Area,Product Operations,"Pivotal Software, Inc.",,2017,2018,1 yr,San Francisco Bay Area,
https://www.linkedin.com/in/davidjli,David,Li,San Francisco Bay Area,Venture Investor,Longitude Capital,,2014,2016,2 yrs,San Francisco Bay Area,
https://www.linkedin.com/in/davidjli,David,Li,San Francisco Bay Area,Investment Banking,Lazard,,2012,2014,2 yrs,San Francisco Bay Area,
https://www.linkedin.com/in/davidjli,David,Li,San Francisco Bay Area,Private Equity,KKR & Co. Inc.,,2010,2010,Less than a year,San Francisco Bay Area,
https://www.linkedin.com/in/davidjli,David,Li,San Francisco Bay Area,Private Equity,"Open Water Capital, LLC",,2009,2010,1 yr,San Francisco Bay Area,
https://www.linkedin.com/in/davidjli,David,Li,San Francisco Bay Area,Private Wealth Management,Merrill Lynch,,2009,2009,Less than a year,San Francisco Bay Area,
https://www.linkedin.com/in/matt-holleran-291a773,Matt,Holleran,"Menlo Park, California, United States",General Partner,Cloud Apps Capital Partners,Full-time,May 2013,Present,9 yrs 3 mos,San Francisco Bay Area,"Early stage venture capital firm focused on investing in cloud business application companies.  Entrepreneurs value 12 years of business application operating experience, 15 years of venture capital and private equity experience, a highly relevant network, and our institutional investor base.  Our goal is to help entrepreneurs build global category leading cloud business application companies.  Investments include CrowdStrike (CRWD), Zuora (ZUO), ServiceMax (GE for ~$1B), Propel, GoFormz, and DataGrail."
https://www.linkedin.com/in/matt-holleran-291a773,Matt,Holleran,"Menlo Park, California, United States",Venture Partner,Emergence Capital Partners,,Nov 2007,May 2013,5 yrs 7 mos,"San Mateo, CA","Emergence Capital Partners is a Technology Enabled Services venture capital firm.  Firm investments included Yammer (Microsoft), Box (BOX), Insightly, Veeva (VEEV) and ServiceMax (GE) during my tenure.  I developed investment theses, led investments, and served as a Board member.     Sourced and championed the first $2M investment in ServiceMax, served as a board member and recruited the CEO.  GE acquired ServiceMax for ~$1B.  Sourced and led the firm's first $3M investment in Insightly and was the Series A board member.  Sourced and served as the board observer for Box for years.   I started and led the firm's Business Freemium strategy.  Responsible for the firm's business relationships with salesforce.com, Google, Adobe, Intuit, and PayPal.  Led the firm's marketing communications for years."
https://www.linkedin.com/in/matt-holleran-291a773,Matt,Holleran,"Menlo Park, California, United States",VP AppExchange and Force.com Platform Partners,salesforce.com,,Jul 2005,Jul 2007,2 yrs 1 mo,"San Francisco, CA","The AppExchange was the world's first business applications marketplace and Force.com was the world's first enterprise grade PaaS.  My AppExchange and Force.com Partner Team was responsible for all partner facing processes from inception. We created the organization, programs and processes to drive the commercial success of the partners on the AppExchange and in their broader relationship with salesforce.com on a global basis. The AppExchange went from zero to nearly one thousand applications on the marketplace during our tenure. More importantly, the AppExchange helped to accelerate the success of what are now SaaS market leaders. Force.com was the first enterprise grade PaaS. My team worked with many companies who built their applications on the Force.com platform and helped them to leverage the salesforce.com customer base and ecosystem.  As a result, I am fortunate to have built a strong network of SaaS executives who partnered with salesforce.com and worked with my AppExchange and Force.com Partner team.  I and we have worked with a number of public and late stage cloud companies on their platform, ISV ecosystem, and marketplace strategies."
https://www.linkedin.com/in/matt-holleran-291a773,Matt,Holleran,"Menlo Park, California, United States",CEO,"Apexon, Inc.",,Feb 2002,Jun 2004,2 yrs 5 mos,"San Jose, CA","CEO of Supplier Relationship Management software company serving large industrial customers like Caterpillar, Honeywell and Siemens.  Acquired by Symphony Technology Group (STG).  STG is led by Dr. Romesh Wadhwani, the former CEO of Aspect Development (acquired by i2 for $9B) and an expert in supply chain software.  Investors in Apexon were Tom Bredt of Menlo Ventures, Jim Breyer of Accel, and Dave Stamm the former founder and CEO of Clarify."
https://www.linkedin.com/in/matt-holleran-291a773,Matt,Holleran,"Menlo Park, California, United States",VP Marketing and Business Development,Datasweep,,Jan 1999,Feb 2002,3 yrs 2 mos,"San Jose, CA","Datasweep was the first to market and the market leader in browser based manufacturing and analytics applications.  I joined as the tenth employee and first non engineer when there were no customers.  Responsible for selling the first 6 customers and all marketing, product marketing, business development and partnerships (Agile).  The company was the market leader in the contract manufacturing (Flextronics, Solectron, Sanmina), telecommunications (Lucent, optical networking), and Medical Device industries (General Electric, Johnson & Johnson, Depuy, Intuitive Surgical).  Rockwell Automation, a world leader in industrial automation, acquired the company.  Investors included Nancy Schoendorf of Mohr Davidow Ventures (MDV), Jim Breyer of Accel, and Roger McNamee of Integral Capital."
https://www.linkedin.com/in/matt-holleran-291a773,Matt,Holleran,"Menlo Park, California, United States",Product Marketing and Direct Sales,Clarify,,Jan 1996,Jan 1999,3 yrs 1 mo,,"Clarify was the market leader in customer support applications serving customers like Cisco, Microsoft, EMC and General Electric.  I led the reverse logistics product line from no customers to market leader and vertical market development.  After that, I was a quota carrying sales executive in the silicon valley territory, exceeded quota, and had a high win rate versus Siebel and other CRM solution providers.  Clarify was acquired by Nortel for $3 billion."
https://www.linkedin.com/in/matt-holleran-291a773,Matt,Holleran,"Menlo Park, California, United States",Team Leader,Cummins Inc.,,Jul 1993,Dec 1995,2 yrs 6 mos,"Jamestown, New York Area","Cummins Jamestown Engine Plant is where a large percentage of on-highway heavy-duty truck engines in America are made.  This is a team based non-union manufacturing plant that is studied in business schools and benchmarked by companies all over the world.  I led the Flexible Machining CNC low volume parts manufacturing line and co-led the Assembly and Test Operations.  We re engineered our production scheduling systems, and this plant was i2's first automotive account.  This is where I discovered business software from the customer's perspective."
https://www.linkedin.com/in/matt-holleran-291a773,Matt,Holleran,"Menlo Park, California, United States",Summer Associate,Bain & Company,,1992,1992,Less than a year,San Francisco,Summer Associate. Worked for Dick Boyce (Texas Pacific Group) and John Donahoe (CEO of Nike and formerly ServiceNow and ebay) on two client projects.     Received an offer to join the firm and was a top recruit.
https://www.linkedin.com/in/matt-holleran-291a773,Matt,Holleran,"Menlo Park, California, United States",Financial Analyst,"Morgan Stanley & Co., Inc.",,Jul 1989,Jun 1991,2 yrs,,Financial analyst in the Merchant Banking / Private Equity division in the early days of the Private Equity industry.  $2 billion fund.  Evaluated and structured leverage buyouts in industrial markets.  Worked closely with the portfolio company senior executive teams.  Recommended investments in distressed high yield securities post the 1990 market correction that were successful for the firm.
https://www.linkedin.com/in/reidchristian,Reid,Christian,San Francisco Bay Area,General Partner,CRV,,2017,Present,5 yrs 7 mos,San Francisco Bay Area,"CRV (Charles River Ventures) is an early-stage venture capital firm that has backed over 500 startups in its 50-year history, including Airtable, Doordash, HubSpot, Patreon, Postman, Twitter and Zendesk."
https://www.linkedin.com/in/reidchristian,Reid,Christian,San Francisco Bay Area,Board Member,Vercel,,2017,Present,5 yrs 7 mos,,The easiest way to deploy apps and sites; supporters of Next.js
https://www.linkedin.com/in/reidchristian,Reid,Christian,San Francisco Bay Area,Board Member,Fleet Device Management,,2021,Present,1 yr 7 mos,,"Open source device management for laptops and servers (Linux, macOS, Windows), built on osquery."
https://www.linkedin.com/in/reidchristian,Reid,Christian,San Francisco Bay Area,Board Member,Tinybird,,2021,Present,1 yr 7 mos,,The way to build realtime data products
https://www.linkedin.com/in/reidchristian,Reid,Christian,San Francisco Bay Area,Board Observer,Tailscale,,2022,Present,7 mos,,A frustratingly simple VPN. Secure and simple.
https://www.linkedin.com/in/reidchristian,Reid,Christian,San Francisco Bay Area,Board Member,Strapi,,2022,Present,7 mos,,The leading open source headless cms
https://www.linkedin.com/in/reidchristian,Reid,Christian,San Francisco Bay Area,Board Member,GreyNoise Intelligence,,2020,Present,2 yrs 7 mos,,Do Know Evil - cybersecurity API removing internet background noise
https://www.linkedin.com/in/reidchristian,Reid,Christian,San Francisco Bay Area,Board Member,Chromatic,,2018,Present,4 yrs 7 mos,,Collaborative workspace for frontend teams to ship UIs faster; supporters of Storybook.js
https://www.linkedin.com/in/reidchristian,Reid,Christian,San Francisco Bay Area,Investor,MeiliSearch,,2020,Present,2 yrs 7 mos,,"Open Source blazing fast full-text search, dev friendly and perfect for site search"
https://www.linkedin.com/in/reidchristian,Reid,Christian,San Francisco Bay Area,Investor,Postman,,2019,Present,3 yrs 7 mos,,The Collaboration Platform for API Development
https://www.linkedin.com/in/reidchristian,Reid,Christian,San Francisco Bay Area,Board Member,Checkly,,2021,Present,1 yr 7 mos,,"Developer owned operations, Jamstack friendly"
https://www.linkedin.com/in/reidchristian,Reid,Christian,San Francisco Bay Area,Board Member,Factorial HR,,2020,Present,2 yrs 7 mos,,Everything you need to manage your HR processes locally and across borders
https://www.linkedin.com/in/reidchristian,Reid,Christian,San Francisco Bay Area,Board Member,Gtmhub | The world's most intuitive OKRs platform,,2019,Present,3 yrs 7 mos,,"Align your teams with the world's most intuitive, data-driven OKRs platform"
https://www.linkedin.com/in/reidchristian,Reid,Christian,San Francisco Bay Area,Investor,Wonderment,,2022,Present,7 mos,,"""a state of awed admiration or respect"" Post purchase experience for Shopify brands."
https://www.linkedin.com/in/reidchristian,Reid,Christian,San Francisco Bay Area,Board Member,Lokalise | Hiring remotely,,2021,Present,1 yr 7 mos,,"From code to delivery, API-based localization platform"
https://www.linkedin.com/in/reidchristian,Reid,Christian,San Francisco Bay Area,Board Member,Carrot Fertility,,2019,Present,3 yrs 7 mos,,Global fertility benefits for employers that save money and tame anxiety
https://www.linkedin.com/in/reidchristian,Reid,Christian,San Francisco Bay Area,Board Member,Squire,,2019,Present,3 yrs 7 mos,,Revolutionizing payments for the barbershop industry
https://www.linkedin.com/in/reidchristian,Reid,Christian,San Francisco Bay Area,Board Member,Talon.One,,2020,Present,2 yrs 7 mos,,Merchandizing API powering digital transactions
https://www.linkedin.com/in/reidchristian,Reid,Christian,San Francisco Bay Area,Investor,Automox,,2018,Present,4 yrs 7 mos,,Automated patch management for IT & security teams
https://www.linkedin.com/in/reidchristian,Reid,Christian,San Francisco Bay Area,Board Member,Bbot,,2021,2022,1 yr,,Order & Pay API - Acquired by Doordash
https://www.linkedin.com/in/reidchristian,Reid,Christian,San Francisco Bay Area,Investor,Opsgenie,,2016,2017,1 yr,,Incident response & on-call alerting for DevOps teams - acquired by Atlassian for $300M
https://www.linkedin.com/in/reidchristian,Reid,Christian,San Francisco Bay Area,Investor,Collibra,,2016,2017,1 yr,,Data governance SaaS platform that enables self-service BI across large enterprises
https://www.linkedin.com/in/reidchristian,Reid,Christian,San Francisco Bay Area,Venture Investor,Battery Ventures,,2015,2017,2 yrs,Greater Boston Area,"Battery Ventures is a global, tech-focused venture capital and private equity firm investing in IT infrastructure, application software, e-commerce & digital media.Companies/Rounds I worked on:-OpsGenie-Collibra-Outlyer-Catchpoint-Cohesity"
https://www.linkedin.com/in/reidchristian,Reid,Christian,San Francisco Bay Area,Startup Athlete,Salsify,,2015,2015,Less than a year,,"SaaS platform that powers the creation and exchange of unique, rich product content between brand manufacturers and their retail partners. Salsify has raised $250 million over five rounds of funding from Warburg Pincus, Matrix Partners, North Bridge, _Underscore.VC and Venrock.Responsibilities included:-""Running around"" helping the company grow-Fundraising, BD & Strategy-Marketing Operations / Sales Enablement"
https://www.linkedin.com/in/reidchristian,Reid,Christian,San Francisco Bay Area,Growth Equity Associate,Symmetric Capital,,2012,2015,3 yrs,,"Symmetric Capital is a venture capital and private equity firm investing in software, technology-enabled services and healthcare companies. The firm was founded in 2007 and is led by a group of former Summit Partners investors."
https://www.linkedin.com/in/reidchristian,Reid,Christian,San Francisco Bay Area,Investment Banking Summer Analyst,RBC Capital Markets,,2011,2011,Less than a year,,Financial Institutions Group.
https://www.linkedin.com/in/reidchristian,Reid,Christian,San Francisco Bay Area,Investment Banking Summer Analyst,TM Capital,,2011,2011,Less than a year,,"Middle market investment bank based in New York, Boston and Atlanta specializing in M&A, Financings, Restructurings & Advisory."
https://www.linkedin.com/in/heath-lukatch-86a2a,Heath,Lukatch,"San Francisco, California, United States",Founder & Managing Partner,Red Tree Venture Capital,,Mar 2020,Present,2 yrs 5 mos,,
https://www.linkedin.com/in/heath-lukatch-86a2a,Heath,Lukatch,"San Francisco, California, United States",Board Observer,"Alladapt Immunotherapeutics, Inc.",,Jun 2022,Present,2 mos,,
https://www.linkedin.com/in/heath-lukatch-86a2a,Heath,Lukatch,"San Francisco, California, United States",Board Member,Acrigen Biosciences,,Jul 2021,Present,1 yr 1 mo,,
https://www.linkedin.com/in/heath-lukatch-86a2a,Heath,Lukatch,"San Francisco, California, United States",Board Observer,Ceribell │ Rapid Response EEG,,Apr 2021,Present,1 yr 4 mos,,
https://www.linkedin.com/in/heath-lukatch-86a2a,Heath,Lukatch,"San Francisco, California, United States",Board Member,"Syncopation Life Sciences, Inc.",,Jan 2021,Present,1 yr 7 mos,,
https://www.linkedin.com/in/heath-lukatch-86a2a,Heath,Lukatch,"San Francisco, California, United States",Board Member,Virsti,,Apr 2021,Present,1 yr 4 mos,,
https://www.linkedin.com/in/heath-lukatch-86a2a,Heath,Lukatch,"San Francisco, California, United States",Board Member,Excellergy,,Jan 2021,Present,1 yr 7 mos,,
https://www.linkedin.com/in/heath-lukatch-86a2a,Heath,Lukatch,"San Francisco, California, United States",Board Member,Magnus Medical,,Dec 2020,Present,1 yr 8 mos,,
https://www.linkedin.com/in/heath-lukatch-86a2a,Heath,Lukatch,"San Francisco, California, United States",Board Member,Vaxcyte,,May 2018,Present,4 yrs 3 mos,,
https://www.linkedin.com/in/heath-lukatch-86a2a,Heath,Lukatch,"San Francisco, California, United States",Chairman Of The Board,"Satsuma Pharmaceuticals, Inc.",,Dec 2016,Present,5 yrs 8 mos,,
https://www.linkedin.com/in/heath-lukatch-86a2a,Heath,Lukatch,"San Francisco, California, United States",Chairman Of The Board,Inogen,,Dec 2006,Mar 2022,15 yrs 4 mos,,
https://www.linkedin.com/in/heath-lukatch-86a2a,Heath,Lukatch,"San Francisco, California, United States",Board Member,Flexion Therapeutics,,Dec 2012,Nov 2021,9 yrs,,
https://www.linkedin.com/in/heath-lukatch-86a2a,Heath,Lukatch,"San Francisco, California, United States",Board Member,ViaCyte,,Nov 2018,Dec 2020,2 yrs 2 mos,,
https://www.linkedin.com/in/heath-lukatch-86a2a,Heath,Lukatch,"San Francisco, California, United States",Board Member,"Ceribell, Inc",,Sep 2018,Dec 2020,2 yrs 4 mos,,
https://www.linkedin.com/in/heath-lukatch-86a2a,Heath,Lukatch,"San Francisco, California, United States",Board Member,Halo Neuroscience,,Nov 2017,Oct 2020,3 yrs,,
https://www.linkedin.com/in/heath-lukatch-86a2a,Heath,Lukatch,"San Francisco, California, United States",Chairman Of The Board,Engage Therapeutics,,Sep 2017,Jun 2020,2 yrs 10 mos,,
https://www.linkedin.com/in/heath-lukatch-86a2a,Heath,Lukatch,"San Francisco, California, United States","Partner, TPG Growth and RISE",TPG,,Jan 2018,Mar 2020,2 yrs 3 mos,,
https://www.linkedin.com/in/heath-lukatch-86a2a,Heath,Lukatch,"San Francisco, California, United States","Partner and Managing Director, TPG Biotech",TPG,,May 2015,Dec 2017,2 yrs 8 mos,,
https://www.linkedin.com/in/heath-lukatch-86a2a,Heath,Lukatch,"San Francisco, California, United States",Chairman Of The Board,Spinifex Pharmaceuticals Inc.,,Apr 2014,Jun 2015,1 yr 3 mos,,
https://www.linkedin.com/in/heath-lukatch-86a2a,Heath,Lukatch,"San Francisco, California, United States",Board Observer,SI-BONE,,Apr 2014,Apr 2015,1 yr 1 mo,,
https://www.linkedin.com/in/heath-lukatch-86a2a,Heath,Lukatch,"San Francisco, California, United States",Chairman Of The Board,Cianna Medical,,Apr 2011,Apr 2015,4 yrs 1 mo,,
https://www.linkedin.com/in/heath-lukatch-86a2a,Heath,Lukatch,"San Francisco, California, United States",Board Member,AnaptysBio,,Nov 2007,Apr 2015,7 yrs 6 mos,,
https://www.linkedin.com/in/heath-lukatch-86a2a,Heath,Lukatch,"San Francisco, California, United States",Partner,Novo  A/S,,Apr 2006,Apr 2015,9 yrs 1 mo,San Francisco,
https://www.linkedin.com/in/heath-lukatch-86a2a,Heath,Lukatch,"San Francisco, California, United States",Board Observer,Alios BioPharma,,Feb 2009,Nov 2014,5 yrs 10 mos,,
https://www.linkedin.com/in/heath-lukatch-86a2a,Heath,Lukatch,"San Francisco, California, United States",Board Member,Elevation Pharmaceuticals,,Dec 2011,Sep 2012,10 mos,,
https://www.linkedin.com/in/heath-lukatch-86a2a,Heath,Lukatch,"San Francisco, California, United States",Board Member,Amira Pharmaceuticals,,Mar 2007,Jul 2011,4 yrs 5 mos,,
https://www.linkedin.com/in/heath-lukatch-86a2a,Heath,Lukatch,"San Francisco, California, United States",Board Member,Synosia Therapeutics,,Dec 2006,Jan 2011,4 yrs 2 mos,,
https://www.linkedin.com/in/heath-lukatch-86a2a,Heath,Lukatch,"San Francisco, California, United States",Board Member,Foldrx Pharmaceuticals,,Jun 2010,Sep 2010,4 mos,,
https://www.linkedin.com/in/heath-lukatch-86a2a,Heath,Lukatch,"San Francisco, California, United States",Board Member,InSound Medical,,Dec 2006,Jan 2010,3 yrs 2 mos,,
https://www.linkedin.com/in/heath-lukatch-86a2a,Heath,Lukatch,"San Francisco, California, United States",Managing Director and Founder,SightLine Partners,,Jan 2005,Apr 2006,1 yr 4 mos,,
https://www.linkedin.com/in/heath-lukatch-86a2a,Heath,Lukatch,"San Francisco, California, United States",Managing Director,Piper Jaffray Ventures,,Jan 2001,Dec 2004,4 yrs,,
https://www.linkedin.com/in/heath-lukatch-86a2a,Heath,Lukatch,"San Francisco, California, United States",Engagement Manager,McKinsey & Company,,Sep 1997,Dec 2000,3 yrs 4 mos,,
https://www.linkedin.com/in/heath-lukatch-86a2a,Heath,Lukatch,"San Francisco, California, United States",CEO and Founder,AutoMate Scientific,,Feb 1992,Jul 1996,4 yrs 6 mos,,
https://www.linkedin.com/in/karahartnetthurst,Kara,Hartnett Hurst,Greater Seattle Area,"Vice President, Amazon;  Head of Worldwide Sustainability",Amazon,Full-time,Sep 2014,Present,7 yrs 11 mos,"Seattle, WA","Leading the development and evolution of environmental sustainability and social responsibility at Amazon worldwide. Utilizing Amazon's scale, speed and innovation, the Sustainability organization includes teams executing the work of The Climate Pledge; Sustainable Operations (renewable energy and energy efficiency, buildings); Sustainability Science and Innovation; Social Responsibility and responsible supply chain management; Customer Packaging Experience and Frustration Free Packaging programs; Circular Economy (waste minimization, eWaste, EPR); Sustainable Products and Retail;  Sustainability Technology;, Sustainable Transportation; and social and environmental external engagement and policy setting."
https://www.linkedin.com/in/karahartnetthurst,Kara,Hartnett Hurst,Greater Seattle Area,CEO,The Sustainability Consortium,,Sep 2012,Sep 2014,2 yrs 1 mo,"New York, NY","The Sustainability Consortium is an organization of companies, academics and civil society organizations working on the science of product sustainability.  Our members represent over $2.4 trillion in revenue in the CPG and retail industries.  Through science-based research and collaboration, TSC drives a new generation of innovative consumer products and responsible supply chains that address environmental, social, and economic issues globally. As CEO, I manage over	50 technical and scientific research staff across US, Europe	and China.TSC was awarded one of Scientific American's ""Top Ten World Changing Ideas"" for 2012."
https://www.linkedin.com/in/karahartnetthurst,Kara,Hartnett Hurst,Greater Seattle Area,Vice President,BSR,,Mar 2010,Oct 2012,2 yrs 8 mos,,"Member, BSR’s executive management team. Provided counsel on global strategy, budget and staffing with direct responsibility for multi-million dollar operating budget. Oversaw BSR’s rapid expansion to the East Coast, grants and conferences teams globally. Managed relationships with Rockefeller Foundation and global multilateral partners, including UN and US State Department.  Directed BSR’s  conference team and events (regularly 1,000+ participants), including direct  work  and coaching with many company CEOs and elected officials. External spokesperson  for BSR and regular speaker at leading sustainability and social investment events."
https://www.linkedin.com/in/karahartnetthurst,Kara,Hartnett Hurst,Greater Seattle Area,"Managing Director, East Coast",BSR,,May 2001,Mar 2010,8 yrs 11 mos,,"Lead BSR's work on the East Coast, US - New York and Washington, DC offices. Work with key stakeholders and multinational member companies to integrate corporate responsibility into core business functions."
https://www.linkedin.com/in/karahartnetthurst,Kara,Hartnett Hurst,Greater Seattle Area,Managing Director,BSR,,2001,Aug 2008,7 yrs 8 mos,,
https://www.linkedin.com/in/karahartnetthurst,Kara,Hartnett Hurst,Greater Seattle Area,Executive Director,OpenVoice,,1999,2001,2 yrs,,"One of Silicon Valley's first social enterprises, OpenVoice was a spin-off of Plugged In.  Created as a public-private partnership between OpenVoice (a 501.c.3), AOL and Sun Microsystems, OpenVoice trained youth in East Palo Alto on digital media skills, creative writing and analytical thinking. OpenVoice staff were the engine behind building out AOL's first teen channel and created other web 1.0 properties such as 49ers Steve Young's the ""Young Zone"" - one of the first online portals targeted at youth and philanthropy.  OpenVoice also partnered with web 1.0 companies to place youth from socio-economic backgrounds in hard-to-access internships and higher paying technology jobs."
https://www.linkedin.com/in/karahartnetthurst,Kara,Hartnett Hurst,Greater Seattle Area,"Manager, Corporate and Foundation Relations",The Children's Health Council,,1998,2000,2 yrs,"Palo Alto, CA",Developed and managed over $1.5m corporate and foundation budget for 50-year old nonprofit serving behavioral and developmentally challenged youth.  Created multidisciplinary pilot program for students with behavioral and learning disorders looking to mainstream into public school classrooms.
https://www.linkedin.com/in/karahartnetthurst,Kara,Hartnett Hurst,Greater Seattle Area,Policy Analyst,"MOYCF, Office of Mayor Willie Brown",,1997,1998,1 yr,,"Policy Analyst in the Mayor's Office of Children, Youth and Families, City of San Francisco. Conceived of and created San Francisco's first Children's budget for the Mayor. Worked with the Carnegie-funded Starting Points initiative to shift City resources to programs targeting children aged 0-5 and their families with the goal of longer-term improved social outcomes."
https://www.linkedin.com/in/karahartnetthurst,Kara,Hartnett Hurst,Greater Seattle Area,Research Associate II,The Urban Institute,,1993,1996,3 yrs,,
https://www.linkedin.com/in/karahartnetthurst,Kara,Hartnett Hurst,Greater Seattle Area,Associate,Office of Senator Daniel Patrick Moynihan (D-NY),,Sep 1992,May 1993,9 mos,,
https://www.linkedin.com/in/jim-momtazee-65634918b,Jim,Momtazee,"Menlo Park, California, United States",Managing Partner,Patient Square Capital,,Jul 2020,Present,2 yrs 1 mo,,
https://www.linkedin.com/in/jim-momtazee-65634918b,Jim,Momtazee,"Menlo Park, California, United States",Board Member,Apollo Therapeutics,,Jun 2021,Present,1 yr 2 mos,,
https://www.linkedin.com/in/jim-momtazee-65634918b,Jim,Momtazee,"Menlo Park, California, United States",Board Member,Kriya Therapeutics,,Jun 2021,Present,1 yr 2 mos,,
https://www.linkedin.com/in/jim-momtazee-65634918b,Jim,Momtazee,"Menlo Park, California, United States",Chairman of the Board,Enavate Sciences,,May 2022,Present,3 mos,,
https://www.linkedin.com/in/jim-momtazee-65634918b,Jim,Momtazee,"Menlo Park, California, United States",Board Member,"Alladapt Immunotherapeutics, Inc.",,Jun 2022,Present,2 mos,,
https://www.linkedin.com/in/jim-momtazee-65634918b,Jim,Momtazee,"Menlo Park, California, United States",Board Member,Roivant Sciences,,Oct 2021,Present,10 mos,,
https://www.linkedin.com/in/jim-momtazee-65634918b,Jim,Momtazee,"Menlo Park, California, United States",Board Member,BridgeBio,,Mar 2016,Present,6 yrs 5 mos,,
https://www.linkedin.com/in/jim-momtazee-65634918b,Jim,Momtazee,"Menlo Park, California, United States",Board Member,Medical Device Manufacturers Association,,Apr 2017,Present,5 yrs 4 mos,,
https://www.linkedin.com/in/jim-momtazee-65634918b,Jim,Momtazee,"Menlo Park, California, United States",Proprietor,"Repris Wines, Pangloss Cellars and Texture Wines",,Jan 2011,Present,11 yrs 7 mos,,
https://www.linkedin.com/in/jim-momtazee-65634918b,Jim,Momtazee,"Menlo Park, California, United States",President,Moon Mountain District Winegrowers Association,,Nov 2013,Present,8 yrs 9 mos,,
https://www.linkedin.com/in/jim-momtazee-65634918b,Jim,Momtazee,"Menlo Park, California, United States","Board Member, Lead Independent Director",PRA Health Sciences,,Sep 2013,Jul 2021,7 yrs 11 mos,,
https://www.linkedin.com/in/jim-momtazee-65634918b,Jim,Momtazee,"Menlo Park, California, United States","Member, Head of Health Care Team",KKR & Co. Inc.,,Jan 2009,Aug 2019,10 yrs 8 mos,"Menlo Park, CA",
https://www.linkedin.com/in/jim-momtazee-65634918b,Jim,Momtazee,"Menlo Park, California, United States",Director / Principal,KKR & Co. Inc.,,Jun 2001,Dec 2008,7 yrs 7 mos,,
https://www.linkedin.com/in/jim-momtazee-65634918b,Jim,Momtazee,"Menlo Park, California, United States",Business School,KKR & Co. Inc.,,Aug 1999,Jun 2001,1 yr 11 mos,,
https://www.linkedin.com/in/jim-momtazee-65634918b,Jim,Momtazee,"Menlo Park, California, United States",Associate,KKR & Co. Inc.,,Nov 1996,Aug 1999,2 yrs 10 mos,,
https://www.linkedin.com/in/jim-momtazee-65634918b,Jim,Momtazee,"Menlo Park, California, United States",Board Member,Envision Healthcare,,Oct 2018,Jul 2019,10 mos,,
https://www.linkedin.com/in/jim-momtazee-65634918b,Jim,Momtazee,"Menlo Park, California, United States",Board Member,Heartland Dental,,Apr 2018,Jul 2019,1 yr 4 mos,,
https://www.linkedin.com/in/jim-momtazee-65634918b,Jim,Momtazee,"Menlo Park, California, United States",Board Member,Ajax Health,,Apr 2017,Jul 2019,2 yrs 4 mos,,
https://www.linkedin.com/in/jim-momtazee-65634918b,Jim,Momtazee,"Menlo Park, California, United States",Board Member,Global Medical Response,,Apr 2015,Jul 2019,4 yrs 4 mos,,
https://www.linkedin.com/in/jim-momtazee-65634918b,Jim,Momtazee,"Menlo Park, California, United States",Board Member,PharMerica,,Dec 2017,Mar 2019,1 yr 4 mos,,
https://www.linkedin.com/in/jim-momtazee-65634918b,Jim,Momtazee,"Menlo Park, California, United States",Board Member,Covenant Surgical Partners,,Oct 2017,Dec 2018,1 yr 3 mos,,
https://www.linkedin.com/in/jim-momtazee-65634918b,Jim,Momtazee,"Menlo Park, California, United States",Board Member,"Entellus Medical, Inc., Now a Part of Stryker",,Jul 2017,Oct 2017,4 mos,,
https://www.linkedin.com/in/jim-momtazee-65634918b,Jim,Momtazee,"Menlo Park, California, United States",Board Member,EchoNous,,Nov 2015,Oct 2017,2 yrs,,
https://www.linkedin.com/in/jim-momtazee-65634918b,Jim,Momtazee,"Menlo Park, California, United States",Board Member,"Spirox, Inc.",,Mar 2016,Jul 2017,1 yr 5 mos,,
https://www.linkedin.com/in/jim-momtazee-65634918b,Jim,Momtazee,"Menlo Park, California, United States",Board Member,Arbor Pharmaceuticals,,Jan 2015,Feb 2017,2 yrs 2 mos,,
https://www.linkedin.com/in/jim-momtazee-65634918b,Jim,Momtazee,"Menlo Park, California, United States",Board Member,Lake Region Medical,,Nov 2005,Oct 2015,10 yrs,,
https://www.linkedin.com/in/jim-momtazee-65634918b,Jim,Momtazee,"Menlo Park, California, United States",Board Member,HCA Healthcare,,Nov 2006,Feb 2014,7 yrs 4 mos,,
https://www.linkedin.com/in/jim-momtazee-65634918b,Jim,Momtazee,"Menlo Park, California, United States",Board Member,Jazz Pharmaceuticals,,Feb 2004,Jan 2014,10 yrs,,
https://www.linkedin.com/in/jim-momtazee-65634918b,Jim,Momtazee,"Menlo Park, California, United States",Board Member,Healthcare Private Equity Association (HCPEA),,2010,2012,2 yrs,,
https://www.linkedin.com/in/jim-momtazee-65634918b,Jim,Momtazee,"Menlo Park, California, United States",Board Member,Alliance HealthCare Services,,2002,2007,5 yrs,,
https://www.linkedin.com/in/jim-momtazee-65634918b,Jim,Momtazee,"Menlo Park, California, United States",Summer Associate,Accel-KKR,,Jun 2000,Aug 2000,3 mos,,
https://www.linkedin.com/in/jim-momtazee-65634918b,Jim,Momtazee,"Menlo Park, California, United States",Analyst,"Donaldson, Lufkin & Jenrette",,Aug 1994,Nov 1996,2 yrs 4 mos,,
https://www.linkedin.com/in/masaya-kawakami-581b6b6b,Masaya,Kawakami,Singapore,Principal,Global Brain Corporation,,Oct 2018,Present,3 yrs 10 mos,"Tokyo, Japan",
https://www.linkedin.com/in/masaya-kawakami-581b6b6b,Masaya,Kawakami,Singapore,APAC Strategy Lead,ofo Singapore,,Apr 2018,Sep 2018,6 mos,Singapore,
https://www.linkedin.com/in/masaya-kawakami-581b6b6b,Masaya,Kawakami,Singapore,Intern,Hakuhodo Percept Pvt. Ltd.,,Jan 2012,Apr 2012,4 mos,,
https://www.linkedin.com/in/ryosukek,Ryosuke,Kimura,"Yokohama, Kanagawa, Japan",Co-Founder,Healthcare Hackathon Hub,,May 2017,Present,5 yrs 3 mos,Tokyo,Digital health community which accelerates collaboration among multi-background professionals
https://www.linkedin.com/in/ryosukek,Ryosuke,Kimura,"Yokohama, Kanagawa, Japan",General Partner,Lifetime Ventures,,Jan 2017,Present,5 yrs 7 mos,Tokyo,"Pre-seed / seed venture capital focusing on ""Lifetime Innovation"""
https://www.linkedin.com/in/ryosukek,Ryosuke,Kimura,"Yokohama, Kanagawa, Japan",Associate,Incubate Fund,,Feb 2015,Mar 2019,4 yrs 2 mos,,Investment associate for seed/early stage venture business investment- Market analysis for developing investment thesis- Sourcing- Deal execution- Management support for portfolio companies
https://www.linkedin.com/in/ryosukek,Ryosuke,Kimura,"Yokohama, Kanagawa, Japan",Senior Associate,KPMG,,Nov 2012,Jan 2015,2 yrs 3 mos,日本 東京都,Transaction advisory and business development service for healthcare sector in Japan
https://www.linkedin.com/in/ryosukek,Ryosuke,Kimura,"Yokohama, Kanagawa, Japan",Associate,PwC,,Apr 2010,Oct 2012,2 yrs 7 mos,日本 東京都,Transaction advisory and project development service for infrastructure sector in Japan
https://www.linkedin.com/in/ravishankar-g-v-259423/,Ravishankar,G V,"Dubai, United Arab Emirates",Managing Director,Sequoia Capital,,Feb 2006,Present,16 yrs 6 mos,Bangalore,
https://www.linkedin.com/in/ravishankar-g-v-259423/,Ravishankar,G V,"Dubai, United Arab Emirates",Associate,McKinsey&Company,,Jun 2004,Feb 2006,1 yr 9 mos,,
https://www.linkedin.com/in/ravishankar-g-v-259423/,Ravishankar,G V,"Dubai, United Arab Emirates",Senior Software Engineer,Wipro Technologies,,Jun 1999,Jun 2002,3 yrs 1 mo,,
https://www.linkedin.com/in/ando-masaaki-2832927b/,Ando,Masaaki,Japan,マネージャー,三井住友海上キャピタル株式会社,,Jul 2012,Present,10 yrs 1 mo,,
https://www.linkedin.com/in/keisukewada,Keisuke,Wada,Greater Tokyo Area,General Partner,Incubate Fund,,May 2010,Present,12 yrs 3 mos,,
https://www.linkedin.com/in/keisukewada,Keisuke,Wada,Greater Tokyo Area,Owner,Incubate Fund,,,,,,
https://www.linkedin.com/in/keisukewada,Keisuke,Wada,Greater Tokyo Area,General Partner,Selene Venture Partners,,Mar 2007,Mar 2014,7 yrs 1 mo,"Within 23 wards, Tokyo, Japan","Venture Capital,focusing on internet startups"
https://www.linkedin.com/in/keisukewada,Keisuke,Wada,Greater Tokyo Area,"Outside Director,Co-Founder",株式会社ポケラボ,,Nov 2007,Oct 2012,5 yrs,"Akihabara,Tokyo,Japan","Mobile Game Provider, Aquired by  GREE"
https://www.linkedin.com/in/keisukewada,Keisuke,Wada,Greater Tokyo Area,Investment Officer (Japan&China),CyberAgent,,Jan 2006,Mar 2007,1 yr 3 mos,"Within 23 wards, Tokyo, Japan","Managing Venture Capital Fund,focusing on China."
https://www.linkedin.com/in/keisukewada,Keisuke,Wada,Greater Tokyo Area,Associate,フューチャーベンチャーキャピタル（株）,,Apr 2004,Dec 2005,1 yr 9 mos,,
https://www.linkedin.com/in/morgan-kessous-b3b94628,Morgan,Kessous,"Paris, Île-de-France, France",Technology Growth Investor,Revaia,,Dec 2018,Present,3 yrs 8 mos,"Région de Paris, France","$300m entrepreneurial fund started from scratch in 2018 and investing in growth stage technology companies, from series B to IPOActively involved in the following investments:- Platform.sh (FR): abstracting cloud infrastructure complexity - Coralogix (IL): horizontal observability solutions - Algolia (US/FR): search and discovery technologies - Hublo (FR): human resources software for healthcare - Planity (FR): SaaS enabled marketplace for the beauty sector - Epsor (FR): asset management fintech for employee savings and retirement schemes- GetAccept (US/SE): software helping B2B sales reps close more deals- Gohenry (UK): fintech for kids money mangement- Yubo (FR): social platform for Gen-Z- Aircall (US/FR): cloud telephony software- Welcome to the Jungle (FR): human resources software products"
https://www.linkedin.com/in/morgan-kessous-b3b94628,Morgan,Kessous,"Paris, Île-de-France, France",Co-founder,Wing,,Jan 2016,Dec 2018,3 yrs,"Région de Paris, France","Omni-channel logistics solutions used by +150 clients including retailers, flash-sales players and SMBs (The Kooples, Veepee, Vide-Dressing, etc.)"
https://www.linkedin.com/in/morgan-kessous-b3b94628,Morgan,Kessous,"Paris, Île-de-France, France",Leveraged Finance - TMT,BNP Paribas CIB,,Jun 2014,May 2016,2 yrs,"Région de Paris, France","Structuring and execution of leveraged transactions across Europe, focus on TMT buyouts led by private equity funds and corporates (Altice, Apax Partners, Cellnex, etc.)"
https://www.linkedin.com/in/morgan-kessous-b3b94628,Morgan,Kessous,"Paris, Île-de-France, France",M&A - TMT,Societe Generale Corporate and Investment Banking - SGCIB,,Jun 2013,Aug 2013,3 mos,"London, Royaume-Uni",
https://www.linkedin.com/in/morgan-kessous-b3b94628,Morgan,Kessous,"Paris, Île-de-France, France",M&A,Degroof Petercam,,Jan 2013,Jun 2013,6 mos,"Région de Paris, France",
https://www.linkedin.com/in/morgan-kessous-b3b94628,Morgan,Kessous,"Paris, Île-de-France, France",Business Development,Optimy,,Jul 2010,Dec 2010,6 mos,"Région de Bruxelles , Belgique",
https://www.linkedin.com/in/geeta-vemuri-24849b105,Geeta,Vemuri,"Boston, Massachusetts, United States",Founder and Managing Partner,Agent Capital,,Jan 2017,Present,5 yrs 7 mos,"1400 Main Street, Waltham MA 02451",Venture Capital
https://www.linkedin.com/in/geeta-vemuri-24849b105,Geeta,Vemuri,"Boston, Massachusetts, United States","Vice President, Head of Baxalta Ventures",Baxalta,,May 2015,Aug 2016,1 yr 4 mos,,
https://www.linkedin.com/in/geeta-vemuri-24849b105,Geeta,Vemuri,"Boston, Massachusetts, United States","VP, Head of Baxter Ventures",Baxter Healthcare Corporation,,Jan 2012,May 2015,3 yrs 5 mos,"Deerfield, IL",
https://www.linkedin.com/in/lawrence-handen-8376728,Lawrence,Handen,"New York, New York, United States","Sr. Managing Director- Head of Principal Investing and Capital Markets for Americas, Europe & Asia",Macquarie Group,,2014,Present,8 yrs 7 mos,Greater New York City Area,
https://www.linkedin.com/in/lawrence-handen-8376728,Lawrence,Handen,"New York, New York, United States",Sr. Managing Director- Global Head of Principal Investing and Capital Markets,Macquarie Capital,,2014,Present,8 yrs 7 mos,Greater New York City Area,
https://www.linkedin.com/in/lawrence-handen-8376728,Lawrence,Handen,"New York, New York, United States",Partner,Insight Venture Partners,,2004,2014,10 yrs,,
https://www.linkedin.com/in/lawrence-handen-8376728,Lawrence,Handen,"New York, New York, United States",General Partner,UBS Capital,,2000,2004,4 yrs,,
https://www.linkedin.com/in/lawrence-handen-8376728,Lawrence,Handen,"New York, New York, United States",Partner,Price Waterhouse Management Consultants,,1992,1999,7 yrs,,
https://www.linkedin.com/in/ravimhatre,Ravi,Mhatre,San Francisco Bay Area,"Founder, Managing Director",Lightspeed Venture Partners,,1999,Present,23 yrs 7 mos,,
https://www.linkedin.com/in/ravimhatre,Ravi,Mhatre,San Francisco Bay Area,"Lead investor, Series A, Board of Directors  (NASD: NTNX)",Nutanix,,Jul 2010,Present,12 yrs 1 mo,,
https://www.linkedin.com/in/ravimhatre,Ravi,Mhatre,San Francisco Bay Area,"Founding Investor, Board of Directors",ThoughtSpot,,Oct 2012,Present,9 yrs 10 mos,,
https://www.linkedin.com/in/ravimhatre,Ravi,Mhatre,San Francisco Bay Area,"Founding Investor, Director","Rubrik, Inc.",,Dec 2013,Present,8 yrs 8 mos,palo alto california,
https://www.linkedin.com/in/ravimhatre,Ravi,Mhatre,San Francisco Bay Area,"Investor, Board of Directors",Clever Inc.,,Oct 2014,Present,7 yrs 10 mos,San Francisco Bay Area,
https://www.linkedin.com/in/ravimhatre,Ravi,Mhatre,San Francisco Bay Area,"Early Investor, Board of Directors (NYSE: MULE)",MuleSoft,,2007,2018,11 yrs,,
https://www.linkedin.com/in/ravimhatre,Ravi,Mhatre,San Francisco Bay Area,"Board of Directors, Investor",Kixeye,,Mar 2012,Dec 2017,5 yrs 10 mos,San Francisco,
https://www.linkedin.com/in/ravimhatre,Ravi,Mhatre,San Francisco Bay Area,"Founding investor, Board of Directors (CSCO)",AppDynamics,,Mar 2008,Jul 2017,9 yrs 5 mos,,
https://www.linkedin.com/in/ravimhatre,Ravi,Mhatre,San Francisco Bay Area,"Investor, Board Observer",Zscaler Inc.,,Aug 2012,2017,4 yrs 6 mos,,
https://www.linkedin.com/in/ravimhatre,Ravi,Mhatre,San Francisco Bay Area,"Early investor, Board of Directors",TheFind.com (Acquired by Facebook),,Jan 2005,Mar 2015,10 yrs 3 mos,,
https://www.linkedin.com/in/ravimhatre,Ravi,Mhatre,San Francisco Bay Area,"Early investor, Board Observer",Natera (NASD:NTRA),,Apr 2008,2015,6 yrs 10 mos,,
https://www.linkedin.com/in/ravimhatre,Ravi,Mhatre,San Francisco Bay Area,"Early investor, Board of Directors",SailPoint Technologies (NYSE: SAIL),,Sep 2005,Sep 2014,9 yrs 1 mo,,
https://www.linkedin.com/in/ravimhatre,Ravi,Mhatre,San Francisco Bay Area,"Founding investor, Board of Directors",EdgeSpring (acquired by Salesforce.com),,Jul 2010,Sep 2013,3 yrs 3 mos,,
https://www.linkedin.com/in/ravimhatre,Ravi,Mhatre,San Francisco Bay Area,"Early investor, Board of Directors",OpTier,,Feb 2004,Sep 2013,9 yrs 8 mos,,
https://www.linkedin.com/in/ravimhatre,Ravi,Mhatre,San Francisco Bay Area,Early Investor,RAPSphere (acquired by Appsense),,Jun 2011,Aug 2012,1 yr 3 mos,"redwood city, california","Application, data and user security for enterprise smart phone and tablet platforms"
https://www.linkedin.com/in/ravimhatre,Ravi,Mhatre,San Francisco Bay Area,"Early investor, Board of Directors",Kosmix (acquired by Walmart),,Apr 2005,Apr 2011,6 yrs 1 mo,,
https://www.linkedin.com/in/ravimhatre,Ravi,Mhatre,San Francisco Bay Area,"Early investor, Board of Directors",TutorVista Global Pvt Ltd (acquired by Pearson PLC),,2006,Jan 2011,5 yrs 1 mo,,
https://www.linkedin.com/in/ravimhatre,Ravi,Mhatre,San Francisco Bay Area,Board of Directors,Mercantila (acquired by Google),,Nov 2006,Mar 2010,3 yrs 5 mos,,
https://www.linkedin.com/in/ravimhatre,Ravi,Mhatre,San Francisco Bay Area,"Early investor, Board of Directors",Virsa Systems (acquired by SAP),,Mar 2004,Nov 2006,2 yrs 9 mos,,
https://www.linkedin.com/in/ravimhatre,Ravi,Mhatre,San Francisco Bay Area,"Early investor, Board Observer",Riverbed Technology (NYSE: RVBD),,Oct 2002,Sep 2006,4 yrs,,
https://www.linkedin.com/in/ravimhatre,Ravi,Mhatre,San Francisco Bay Area,Board Of Directors,TiE,,2003,2005,2 yrs,,
https://www.linkedin.com/in/ravimhatre,Ravi,Mhatre,San Francisco Bay Area,Board of Directors,Waveset Technologies (acquired by Oracle),,Mar 2001,Dec 2003,2 yrs 10 mos,,
https://www.linkedin.com/in/ravimhatre,Ravi,Mhatre,San Francisco Bay Area,Board of Directors,Totality (Acquired by Verizon),,1999,2003,4 yrs,,
https://www.linkedin.com/in/ravimhatre,Ravi,Mhatre,San Francisco Bay Area,Board Observer,NetGenesis (NASD:NGEN),,Jan 1997,Nov 1999,2 yrs 11 mos,,
https://www.linkedin.com/in/ravimhatre,Ravi,Mhatre,San Francisco Bay Area,Investor,Bessemer Venture Partners,,Dec 1995,Jun 1999,3 yrs 7 mos,,
https://www.linkedin.com/in/ravimhatre,Ravi,Mhatre,San Francisco Bay Area,Board Observer,Verio (NASD:VRIO),,Feb 1997,Feb 1999,2 yrs 1 mo,,
https://www.linkedin.com/in/ravimhatre,Ravi,Mhatre,San Francisco Bay Area,Product Management,Silicon Graphics,,Jul 1993,Sep 1995,2 yrs 3 mos,,
https://www.linkedin.com/in/ravimhatre,Ravi,Mhatre,San Francisco Bay Area,Management Consultant,Booz Allen Hamilton,,1989,1991,2 yrs,,
https://www.linkedin.com/in/yochai-hacohen-05b9423,Yochai,Hacohen,Israel,Partner,Fortissimo Capital,,,,,,
https://www.linkedin.com/in/yochai-hacohen-05b9423,Yochai,Hacohen,Israel,General Manager NA,Magal Security Systems,,Jan 2003,Jan 2004,1 yr 1 mo,"Fremont, California",
https://www.linkedin.com/in/yochai-hacohen-05b9423,Yochai,Hacohen,Israel,Director of Sales Marketing,NICE Systems,,Apr 1998,Sep 2002,4 yrs 6 mos,,
https://www.linkedin.com/in/petechung,Pete,Chung,San Francisco Bay Area,Managing Principal,Morgan Stanley Expansion Capital,,May 2011,Present,11 yrs 3 mos,,Late-stage growth equity investments
https://www.linkedin.com/in/petechung,Pete,Chung,San Francisco Bay Area,Managing Director,Morgan Stanley Expansion Capital,,1993,Present,29 yrs 7 mos,,
https://www.linkedin.com/in/petechung,Pete,Chung,San Francisco Bay Area,Managing Member,Morgan Stanley Expansion Capital,,Jul 1993,Present,29 yrs 1 mo,,"Expansion and Late stage venture investing.  Active, investment model targeting $5-$15M investment opportunities in Technology companies broadly defined."
https://www.linkedin.com/in/petechung,Pete,Chung,San Francisco Bay Area,Board Member,CompStak®,Full-time,Dec 2021,Present,8 mos,United States,
https://www.linkedin.com/in/petechung,Pete,Chung,San Francisco Bay Area,Board Member,airSlate | Business Automation,Full-time,Sep 2020,Present,1 yr 11 mos,,
https://www.linkedin.com/in/petechung,Pete,Chung,San Francisco Bay Area,Board Member,OpsRamp,Full-time,Dec 2019,Present,2 yrs 8 mos,,
https://www.linkedin.com/in/petechung,Pete,Chung,San Francisco Bay Area,Investor,Neo4j,Full-time,Oct 2018,Present,3 yrs 10 mos,"San Mateo, California, United States",
https://www.linkedin.com/in/petechung,Pete,Chung,San Francisco Bay Area,Investor,Cohesity,,Jun 2018,Present,4 yrs 2 mos,,
https://www.linkedin.com/in/petechung,Pete,Chung,San Francisco Bay Area,Member Board Of Directors,VizExplorer,,Mar 2018,Present,4 yrs 5 mos,"San Diego, California",
https://www.linkedin.com/in/petechung,Pete,Chung,San Francisco Bay Area,Member Board Of Directors,Instapage,,Apr 2018,Present,4 yrs 4 mos,"San Francisco, California",
https://www.linkedin.com/in/petechung,Pete,Chung,San Francisco Bay Area,Member of the Board of Directors,Voices.com,,Jul 2017,Present,5 yrs 1 mo,"London, Ontario, Canada",
https://www.linkedin.com/in/petechung,Pete,Chung,San Francisco Bay Area,Member of the Board of Directors,EZ Texting,,Dec 2012,Present,9 yrs 8 mos,"Santa Monica, CA",
https://www.linkedin.com/in/petechung,Pete,Chung,San Francisco Bay Area,Member of Board of Directors,"VBrick Systems, Inc.",,Sep 2007,Present,14 yrs 11 mos,,
https://www.linkedin.com/in/petechung,Pete,Chung,San Francisco Bay Area,Board Member,Ecwid,Full-time,May 2020,Oct 2021,1 yr 6 mos,,
https://www.linkedin.com/in/petechung,Pete,Chung,San Francisco Bay Area,Trustee,Marin Country Day School,,Sep 2015,Jun 2021,5 yrs 10 mos,"Corte Madera, California",
https://www.linkedin.com/in/petechung,Pete,Chung,San Francisco Bay Area,Member of the Board of Directors,MotionPoint,,Oct 2014,Mar 2021,6 yrs 6 mos,,
https://www.linkedin.com/in/petechung,Pete,Chung,San Francisco Bay Area,Member of the Board of Directors,DocuWare,,Jun 2012,Aug 2019,7 yrs 3 mos,"Gemering, Germany",
https://www.linkedin.com/in/petechung,Pete,Chung,San Francisco Bay Area,Member of the Board of Directors,Samanage,,Nov 2018,Apr 2019,6 mos,"Cary, North Carolina",
https://www.linkedin.com/in/petechung,Pete,Chung,San Francisco Bay Area,Former Board Member,Vigilant Solutions,,Mar 2015,Jan 2019,3 yrs 11 mos,,
https://www.linkedin.com/in/petechung,Pete,Chung,San Francisco Bay Area,Investor,Nutanix,,Dec 2013,Dec 2017,4 yrs 1 mo,,
https://www.linkedin.com/in/petechung,Pete,Chung,San Francisco Bay Area,San Francisco Board Member,Summer Search,,Jan 2013,Oct 2017,4 yrs 10 mos,San Francisco Bay Area,
https://www.linkedin.com/in/petechung,Pete,Chung,San Francisco Bay Area,Former Member of Board of Directors,Socialware,,Aug 2011,Nov 2015,4 yrs 4 mos,,
https://www.linkedin.com/in/petechung,Pete,Chung,San Francisco Bay Area,Member of Board of Directors,Peter's Place Nursery School,,Jun 2009,Apr 2013,3 yrs 11 mos,,
https://www.linkedin.com/in/petechung,Pete,Chung,San Francisco Bay Area,Former Member of Board of Directors,Plateau Systems,,Sep 2007,Jul 2011,3 yrs 11 mos,,
https://www.linkedin.com/in/petechung,Pete,Chung,San Francisco Bay Area,Former Member of Board of Directors,"Perceptive Software, Inc.",,Jun 2004,Jun 2010,6 yrs 1 mo,,Best of luck Team with your new home at Lexmark!
https://www.linkedin.com/in/petechung,Pete,Chung,San Francisco Bay Area,Former Member of Board of Directors,"Tarari, Inc.",,Apr 2006,Oct 2007,1 yr 7 mos,,Acquired by LSI in October 2007
https://www.linkedin.com/in/petechung,Pete,Chung,San Francisco Bay Area,Former Investor,Counterpane Internet Security,,2000,2007,7 yrs,,
https://www.linkedin.com/in/petechung,Pete,Chung,San Francisco Bay Area,Former Board Observer,Avamar,,Apr 2006,Nov 2006,8 mos,,
https://www.linkedin.com/in/petechung,Pete,Chung,San Francisco Bay Area,Product Managment Intern,Netscape Communications,,1997,1997,Less than a year,,
https://www.linkedin.com/in/sumir-chadha-bb8b563,Sumir,Chadha,San Francisco Bay Area,Co-founder & Managing Director,WestBridge Capital Partners,,2011,Present,11 yrs 7 mos,,
https://www.linkedin.com/in/sumir-chadha-bb8b563,Sumir,Chadha,San Francisco Bay Area,Member Board Of Trustees,Princeton University,Part-time,Sep 2019,Present,2 yrs 11 mos,,
https://www.linkedin.com/in/sumir-chadha-bb8b563,Sumir,Chadha,San Francisco Bay Area,Board Member,American India Foundation,Part-time,Mar 2019,Present,3 yrs 5 mos,,
https://www.linkedin.com/in/sumir-chadha-bb8b563,Sumir,Chadha,San Francisco Bay Area,Co-founder & Managing Director,Sequoia Capital India,,2006,2011,5 yrs,,
https://www.linkedin.com/in/sumir-chadha-bb8b563,Sumir,Chadha,San Francisco Bay Area,Co-founder & Managing Director,WestBridge Capital,,2000,2006,6 yrs,,
https://www.linkedin.com/in/sumir-chadha-bb8b563,Sumir,Chadha,San Francisco Bay Area,Principal Investment Area,Goldman Sachs,,Jul 1997,Apr 2000,2 yrs 10 mos,,
https://www.linkedin.com/in/sumir-chadha-bb8b563,Sumir,Chadha,San Francisco Bay Area,Business Analyst,McKinsey & Co,,Jul 1993,Jul 1995,2 yrs 1 mo,,
